variable,n,exact_agreements,raw_agreement,cohen_kappa
contextual category,598,441,0.7374581939799331,0.4437308179976063
coverage,598,426,0.7123745819397993,0.4112960461549029
functional relevance,598,426,0.7123745819397993,0.24388379204892963
