comparison,shapiro_W,p_value,normal_at_0.05
C0 - CL,0.9274771809577942,0.13807089626789093,True
C0 - CO,0.7795072793960571,0.0004342359898146242,False
C0 - CD,0.8225542902946472,0.0019123608944937587,False
C0 - CS,0.9379891753196716,0.2196301966905594,True
C0 - CT,0.8739376664161682,0.013788526877760887,False
