comparison,shapiro_W,p_value,normal_at_0.05
C0 - CL,0.927477314828436,0.13807178177887203,True
C0 - CO,0.7795073490688993,0.00043423751271578934,False
C0 - CD,0.8225542683067322,0.0019123620668478711,False
C0 - CS,0.9379895944468503,0.21963426576951417,True
C0 - CT,0.8739373879751076,0.013788378317542616,False
