comparison,wilcoxon_stat,p_raw,rank_biserial,p_holm
CT vs CL,0.0,0.00035489514477906177,-1.0,0.001419580579116247
CT vs CO,27.5,1.0,0.0,1.0
CT vs CD,0.0,0.0004510953476143062,-1.0,0.001419580579116247
CT vs CS,0.0,0.0007154795624835418,-1.0,0.0014309591249670836
