n_blocks,comparison,wilcoxon_stat,p_raw,rank_biserial,p_holm,friedman_chi2,friedman_p,kendall_w
20,C0 vs CL,16.5,0.03887484100085811,-0.6373626373626373,0.03887484100085811,57.64274061990209,3.727127590615802e-11,0.5764274061990209
20,C0 vs CO,0.0,5.867401806751844e-05,-1.0,0.0002933700903375922,57.64274061990209,3.727127590615802e-11,0.5764274061990209
20,C0 vs CD,0.0,0.00041408673468087194,-1.0,0.001242260204042616,57.64274061990209,3.727127590615802e-11,0.5764274061990209
20,C0 vs CS,11.0,0.0014726294147192707,-0.8562091503267973,0.0029452588294385414,57.64274061990209,3.727127590615802e-11,0.5764274061990209
20,C0 vs CT,0.0,7.121932609232024e-05,-1.0,0.0002933700903375922,57.64274061990209,3.727127590615802e-11,0.5764274061990209
